date,feature1,feature2,target
2023-01-01,54.96714153011233,36.99677718293001,217.54872323414278
2023-01-02,48.61735698828815,34.62316841456384,200.38162586669023
2023-01-03,56.47688538100692,30.29815184960087,199.88612670581668
2023-01-04,65.23029856408026,26.76531611147213,209.21673781438173
2023-01-05,47.658466252766644,33.49111656806795,186.32220887496823
2023-01-06,47.6586304305082,31.967426927108747,192.28601017920732
2023-01-07,65.79212815507391,34.47596610013866,235.01818198737493
2023-01-08,57.67434729152909,33.175859008409844,210.79082845294676
2023-01-09,45.30525614065048,35.247763576596675,199.650031353253
2023-01-10,55.42560043585965,27.32382394219716,197.51052338644357
2023-01-11,45.365823071875376,36.58697032817163,192.4547578064208
2023-01-12,45.34270246429743,30.987998023461998,179.8357751061498
2023-01-13,52.41962271566034,40.37630436312632,222.12244677176318
2023-01-14,30.86719755342202,26.55406090955216,136.6970623299562
2023-01-15,32.75082167486967,38.67981901582625,185.68847460687684
2023-01-16,44.37712470759027,30.989553917313238,180.75378047325623
2023-01-17,39.87168879665576,26.74290998192776,158.64953333254175
2023-01-18,53.142473325952736,27.58057082972839,179.0073473190569
2023-01-19,40.91975924478789,28.3982634590284,170.21139901770712
2023-01-20,35.87696298664709,32.12082973200958,161.92012319505557
2023-01-21,64.65648768921554,32.6141774401775,227.4551708502952
2023-01-22,47.74223699513465,27.131499980307105,178.26585862098156
2023-01-23,50.67528204687924,29.878227038695087,197.788538189037
2023-01-24,35.75251813786544,40.71135179305932,187.09498965931328
2023-01-25,44.556172754748175,38.637715850503554,189.92793228190288
2023-01-26,51.10922589709866,32.18161834837016,199.68255456307628
2023-01-27,38.490064225776976,30.190017390841,176.5527365316312
2023-01-28,53.75698018345672,30.600156633591308,205.50916203238455
2023-01-29,43.99361310081195,33.06758986365208,188.23829286895327
2023-01-30,47.083062502067236,24.886037174007974,166.36605559799816
2023-01-31,43.98293387770603,28.713117312883274,178.14083267724843
2023-02-01,68.52278184508938,21.657079630612053,197.14907158349257
2023-02-02,49.86502775262066,31.996115613026397,198.1001911911016
2023-02-03,39.422890710440996,33.2359796985137,181.08107131225623
2023-02-04,58.225449121031886,27.58406768850313,204.50415084506756
2023-02-05,37.791563500289776,37.869933816450164,202.99122864448543
2023-02-06,52.08863595004755,23.871171684988294,177.75286679095382
2023-02-07,30.403298761202244,22.6781255989509,126.29615619071969
2023-02-08,36.71813951101569,31.12225909279986,166.675184739471
2023-02-09,51.96861235869123,35.23549151306077,200.79831973211918
2023-02-10,57.38466579995411,38.419638457289345,226.55468131633094
2023-02-11,51.7136828118997,27.7055786856553,184.4976894901998
2023-02-12,48.843517176117594,35.393404167156476,201.24680486403165
2023-02-13,46.98896304410711,29.807457652496463,184.1620734058722
2023-02-14,35.214780096325725,29.136863500295902,153.72805103162815
2023-02-15,42.801557916052914,34.41829968743336,194.46316823102828
2023-02-16,45.393612290402125,33.261614392067095,190.5731030815965
2023-02-17,60.57122226218915,22.118039215078753,187.45006056392148
2023-02-18,53.43618289568462,37.38270174862948,217.38099745469307
2023-02-19,32.36959844637266,36.90045677073726,176.21652062425198
2023-02-20,53.24083969394795,26.872186492452354,191.2237301885911
2023-02-21,46.149177195836835,31.979017667187044,183.89975631468033
2023-02-22,43.23077999694041,32.47015093141369,180.58143034274562
2023-02-23,56.11676288840868,31.303368829119535,204.62500212029263
2023-02-24,60.30999522495951,27.2484742307729,195.63605852487163
2023-02-25,59.31280119116199,26.641883160309742,194.45496256464568
2023-02-26,41.607824767773614,29.872229645042772,170.45123410295227
2023-02-27,46.907876241487855,35.86364509629682,205.77863367542983
2023-02-28,53.31263431403564,32.71800077297216,206.0920775919974
2023-03-01,59.75545127122359,28.14692833956947,204.91963711799332
2023-03-02,45.2082576215471,33.85849355324172,196.24648571365924
2023-03-03,48.14341023336183,15.757286896849623,142.87182221527556
2023-03-04,38.93665025993972,35.74382850186052,187.05711027510546
2023-03-05,38.037933759193294,21.301431106109504,139.46405207205262
2023-03-06,58.125258223941984,28.18779529298434,202.14071407383514
2023-03-07,63.56240028570823,24.401650526869282,197.41595886396638
2023-03-08,49.27989878419666,23.526592621395473,156.94548964119758
2023-03-09,60.03532897892024,35.8041339368926,226.81166395758675
2023-03-10,53.61636025047634,27.661493993440544,197.330943161774
2023-03-11,43.54880245394876,31.73251940865358,186.9262401450662
2023-03-12,53.61395605508414,29.76539710560408,201.35109084993636
2023-03-13,65.38036566465969,32.385204136115604,234.09699734669726
2023-03-14,49.64173960890049,30.384109455301278,190.87909553851196
2023-03-15,65.64643655814007,23.58503887905715,203.03456829047957
2023-03-16,23.802548959102555,34.9813340972357,149.46084073274045
2023-03-17,58.21902504375224,27.531217084193436,197.45133705994954
2023-03-18,50.870470682381715,22.217090506701247,171.47106863372287
2023-03-19,47.009926495341325,27.859424195170437,183.61754776203807
2023-03-20,50.91760776535502,37.503798953171554,213.6493810118197
2023-03-21,30.124310853991073,34.251108710567465,160.75100151542748
2023-03-22,47.80328112162488,28.256739327960705,180.37942002141486
2023-03-23,53.57112571511746,28.253711478407855,194.90941961010407
2023-03-24,64.77894044741517,28.391824743913087,207.5140810459019
2023-03-25,44.81729781726352,40.383739917804206,199.3049106222535
2023-03-26,41.91506397106812,31.909677261157768,176.80647547815164
2023-03-27,44.982429564154636,32.15020823595535,180.31192170660452
2023-03-28,59.15402117702074,35.151417270159214,221.22159317628257
2023-03-29,53.287511096596845,31.193945795132567,199.41795798450403
2023-03-30,44.70239796232961,28.704789270896484,173.2529216922336
2023-03-31,55.13267433113356,29.01825075457511,204.5824385983462
2023-04-01,50.9707754934804,29.641993702929682,192.50125591876144
2023-04-02,59.68644990532889,29.813888817450792,210.3169380610643
2023-04-03,42.979469061226474,33.6381477181849,189.98441699722466
2023-04-04,46.723378534022316,30.259729429036497,178.53177976625028
2023-04-05,46.078918468678424,33.6632003860779,198.34299703269187
2023-04-06,35.364850518678814,29.59641709945709,159.14013090305158
2023-04-07,52.96120277064576,30.393175951580453,200.45433648223897
2023-04-08,52.610552721798896,20.00899657733946,159.8888090104154
2023-04-09,50.05113456642461,34.581638373512405,196.07839042330613
2023-04-10,47.65412866624853,31.732442379489964,194.59503276109209
2023-04-11,35.84629257949586,34.99005054929826,178.5447844373741
2023-04-12,45.79354677234641,15.518723109031553,133.6330050999999
2023-04-13,46.572854834732304,40.44187352390364,210.12301483480204
2023-04-14,41.97722730778381,29.302051859224132,177.48778411531384
2023-04-15,48.387142883339905,35.54091408368758,197.44996855340594
2023-04-16,54.040508568145384,24.800470364372345,190.6957929956876
2023-04-17,68.8618590121053,33.063869525312846,232.4122229269098
2023-04-18,51.74577812831839,24.73292218413172,180.88228243707388
2023-04-19,52.57550390722764,26.881155196520975,184.1513810252733
2023-04-20,49.25554084233833,39.570156769333934,220.23748914809016
2023-04-21,30.812287847009586,29.046587996183266,146.043769671998
2023-04-22,49.73486124550783,31.087164365898616,191.91725105835005
2023-04-23,50.60230209941027,34.35033865344377,204.46021603613045
2023-04-24,74.63242112485287,32.47840943986302,241.68913329038745
2023-04-25,48.076390352188774,30.752094525717883,192.11318600863183
2023-04-26,53.015473423336125,31.824805012331126,198.93929405130768
2023-04-27,49.65288230294757,42.01707792619138,224.21399880776914
2023-04-28,38.31321962380468,29.711906014832074,160.79041041906305
2023-04-29,61.42822814515021,31.005495233574837,203.06127369704836
2023-04-30,57.519330326867745,35.25327198003806,219.84333778084883
2023-05-01,57.910319470430466,35.52762966478992,234.4666050432953
2023-05-02,40.906125452052606,35.9351515278019,193.54072692700103
2023-05-03,64.02794310936099,33.19365111014592,227.54053765048775
2023-05-04,35.98148937207719,24.284975436347583,143.5034509071558
2023-05-05,55.868570938002705,38.16715766150548,226.35094432458206
2023-05-06,71.90455625809979,24.26827303490656,219.34952719679532
2023-05-07,40.09463674869312,31.513177326195166,168.82474139942752
2023-05-08,44.33702270397228,26.22862074990321,172.93151613099855
2023-05-09,50.99651365087641,29.679308267035037,194.60785868006414
2023-05-10,44.96524345883801,31.6438120515174,188.4528517007679
2023-05-11,34.493365689338674,31.606786077251364,165.99946830448008
2023-05-12,50.68562974806027,32.109603771176424,197.79815409811977
2023-05-13,39.37696286273895,38.06855634529323,196.3239009411917
2023-05-14,54.73592430635182,32.2676715075699,209.23393380412023
2023-05-15,40.80575765766197,28.779216823546758,166.1789622312591
2023-05-16,65.4993440501754,34.820435841441785,232.59198676019165
2023-05-17,42.16746707663763,35.947352444623206,192.6862729634548
2023-05-18,46.77938483794324,23.86196092431504,172.88975320630755
2023-05-19,58.135172173696695,32.98700034924929,209.03581001687175
2023-05-20,37.69135683566045,33.50586371155449,168.56267847722216
2023-05-21,52.27459934604129,28.51218248320004,190.9095503478653
2023-05-22,63.07142754282428,36.878534066558096,237.03289579460292
2023-05-23,33.92516765438772,29.249722064837368,156.46620982513957
2023-05-24,51.84633858532304,30.627882267357712,196.79608996226173
2023-05-25,52.598827942484235,29.13464087858065,191.48556724753638
2023-05-26,57.8182287177731,30.077895237907338,213.31946034227863
2023-05-27,37.63049289121918,24.518624565523993,140.81233958662776
2023-05-28,36.795433869157236,22.79974558702853,137.84761937549882
2023-05-29,55.21941565616898,37.97252531612486,223.8401334599673
2023-05-30,52.96984673233186,25.76519325840836,175.01932918411794
2023-05-31,52.504928503458764,25.043038252718464,179.25969974291257
2023-06-01,53.46448209496975,19.233049431981428,172.93546331452387
2023-06-02,43.19975278421509,26.805191261552487,166.91951179456746
2023-06-03,52.322536971610035,23.38455103296251,175.95223157070103
2023-06-04,52.93072473298681,38.21007580068185,214.19085304215628
2023-06-05,42.85648581973632,35.04908544671317,187.77842093941476
2023-06-06,68.65774511144757,26.559248274111383,215.1172531436096
2023-06-07,54.73832920911788,41.26217902672154,231.6746200146192
2023-06-08,38.08696502797351,34.90882743495797,187.3086313358398
2023-06-09,56.5655360863383,28.37584308245689,201.04705672367288
2023-06-10,40.253183297726785,17.502971425632133,127.4579910876648
2023-06-11,57.87084603742452,41.45471286295371,241.3383545558702
2023-06-12,61.58595579007404,23.05213766618202,194.81943332117808
2023-06-13,41.7931768164829,21.773006265215542,154.60611762121874
2023-06-14,59.63376129244322,35.1128521600482,232.50878249787291
2023-06-15,54.12780926936498,42.19876203169636,229.7764336746797
2023-06-16,58.2206015999449,36.921364092552594,223.15100792149588
2023-06-17,68.96792982653947,32.8195456002618,230.10660715929126
2023-06-18,47.54611883997129,32.97377170832643,192.84345350938696
2023-06-19,42.4626383564251,34.267077793901535,190.05830196678647
2023-06-20,41.10485570374477,33.79464294893383,188.53031283723652
2023-06-21,41.841897150345616,31.405957119846878,177.52191054201924
2023-06-22,49.228982905858956,30.52100551975938,188.42174475472183
2023-06-23,53.41151974816644,29.687034360502388,196.64293253908374
2023-06-24,52.766907993300194,26.23017705566662,180.04863264545014
2023-06-25,58.27183249036024,28.59662461566613,212.78123243619274
2023-06-26,50.13001891877907,21.535215929023074,156.82738048903707
2023-06-27,64.53534077157317,29.50830186602625,218.51929003570373
2023-06-28,47.35343166762044,25.057044464245415,179.99602782412532
2023-06-29,77.20169166589619,24.482053413921143,227.8835427963558
2023-06-30,56.25667347765006,30.899470755767393,204.26156404759482
2023-07-01,41.42842443583717,36.960011431723,191.9496560527912
2023-07-02,39.29107501938888,34.59158303001156,181.4549407200004
2023-07-03,54.824724152431855,22.147496981884114,182.9561816238987
2023-07-04,47.76537214674149,25.051859317148313,159.6270126882804
2023-07-05,57.14000494092092,34.70385593994108,226.05874620814672
2023-07-06,54.73237624573545,25.087563032308452,177.60765582614553
2023-07-07,49.271710873431275,28.876834250014877,183.8406628507351
2023-07-08,41.532062819315954,32.75026049512276,179.16868502250685
2023-07-09,34.851527753141355,25.158277725681824,148.1206550321818
2023-07-10,45.53485047932979,30.5268775307298,174.65971179143025
2023-07-11,58.56398794323472,23.329872525408977,189.4284567931061
2023-07-12,52.14093744130204,26.99316178024393,195.38290833977015
2023-07-13,37.542612212880115,31.598909670712686,163.06608341493424
2023-07-14,51.73180925851182,22.035031332341653,170.51724335210056
2023-07-15,53.85317379728837,32.202373689801995,201.0035577749997
2023-07-16,41.16142563798867,29.901811005366593,174.15772032304227
2023-07-17,51.53725105945528,32.76244977208574,201.45759032224652
2023-07-18,50.58208718446,31.119570670323306,191.31545183466838
2023-07-19,38.57029702169377,36.82070214986922,190.0420619173506
2023-07-20,53.577873603482836,30.626122513239537,208.055855295618
2023-07-21,55.60784526368234,27.852972294373735,193.8200884518494
2023-07-22,60.830512431752766,30.611487515161418,217.0942771197307
2023-07-23,60.53802052034903,32.716490145181936,212.75914668688804
2023-07-24,36.22330632042909,30.24430035162852,158.3973318116537
2023-07-25,40.62174960084877,30.202958456019413,174.2144059591577
2023-07-26,55.1503526720866,26.490041560966223,197.1914101697517
2023-07-27,55.13785950912209,26.68549541224526,192.11027199890825
2023-07-28,55.150476863060476,22.986973641001534,177.6965844965098
2023-07-29,88.52731490654722,38.7478837159347,293.2947379880153
2023-07-30,55.70890510693167,23.780683823043574,176.50782301314547
2023-07-31,61.35565640180599,26.53547401102046,205.3403114684502
2023-08-01,59.54001763493203,26.40796367215401,202.71559159794313
2023-08-02,56.51391251305798,34.474621884722204,214.19123901611718
2023-08-03,46.84730755359654,28.52525160853986,176.92015919401518
2023-08-04,57.589692204932675,36.23871036336867,225.22490664823158
2023-08-05,42.27174785462428,26.63254687878066,162.25753766538756
2023-08-06,47.63181393259991,31.39497081111901,189.11787722542775
2023-08-07,45.14636452170897,25.823264733701215,178.26113219035415
2023-08-08,50.81874139386323,40.72574563886694,222.5795912005973
2023-08-09,73.14658566673509,24.062007904852436,216.68749428792137
2023-08-10,31.32734807408252,31.549103551135136,154.06429777339466
2023-08-11,56.86260190374514,33.168884404660496,216.95281687897142
2023-08-12,33.87284128810349,32.06899548725749,163.04654817188893
2023-08-13,45.280681342105666,29.073561705611457,174.53518260943858
2023-08-14,60.889505969673664,29.35089650133287,216.438221604711
2023-08-15,50.64280019095463,30.219057359895547,199.04078748416407
2023-08-16,39.22255222070694,29.264989991857558,163.23795658829303
2023-08-17,42.84696290740032,34.81939558397455,180.81941280992118
2023-08-18,56.79597748934676,41.05261500795676,241.78736845174842
2023-08-19,42.69633368282864,27.212541074960832,163.60714146173976
2023-08-20,52.16458589581975,23.150985102104613,177.73525509376717
2023-08-21,50.45571839903814,29.558589758243727,179.7366869842483
2023-08-22,43.483996523941826,42.898546688271594,220.12661980419497
2023-08-23,71.43944089325325,25.981627160151348,214.76790362055664
2023-08-24,56.33919022318011,38.195584027220335,230.91895312335387
2023-08-25,29.74857413342393,38.388504070382204,174.73402581717664
2023-08-26,51.86454314769428,27.232058791460027,180.6555655727854
2023-08-27,43.38213535231612,32.84491539592638,183.26383532777746
2023-08-28,58.52433334796224,38.14198311564269,234.90620832763605
2023-08-29,42.07479261567299,28.104361295062564,168.99214138210985
2023-08-30,48.85263558533101,28.982098199488192,187.573630671489
2023-08-31,55.049872789804574,27.09159543025678,201.2567347929569
2023-09-01,58.657551941701215,24.926216346535668,184.27254486445418
2023-09-02,37.997035929442234,26.753612274669965,164.3409715577375
2023-09-03,46.654987641590516,23.880298666188718,165.47265096936326
2023-09-04,45.25054688839044,30.17041734129613,176.51842555905364
2023-09-05,43.46670767426288,26.15013384470679,158.73224875395118
2023-09-06,67.65454240281096,31.16892955895374,227.87027152859798
2023-09-07,54.049817109609556,22.220521768981865,179.369450085787
2023-09-08,37.391160456649544,31.654401161072286,169.10777879462827
2023-09-09,59.17861947054776,34.16764480804462,228.4159480164661
2023-09-10,71.22156197012633,20.031321787142723,195.28121085142303
2023-09-11,60.32465260551147,31.87028284923786,216.19970901950626
2023-09-12,34.80630034045987,36.13834496236646,171.76566834595351
2023-09-13,45.15765927133749,23.951794906543974,163.98886267543176
2023-09-14,62.669111491866225,38.362861934188516,244.86124573678453
2023-09-15,42.92330534381219,32.095095046830224,180.02808685970976
2023-09-16,54.43819428146229,26.474940721207957,175.2801414434128
2023-09-17,57.74634053429337,29.72115461171147,205.65088563770362
2023-09-18,40.730695284219166,32.791634562608614,182.01998701493173
2023-09-19,49.404746439382,30.380026957062057,191.97104752475866
2023-09-20,17.58732659930927,32.693779962231844,139.43490404442483
2023-09-21,39.756123586657104,25.39663203460317,150.34687487887845
2023-09-22,47.4743184860684,30.84680412018039,190.8901298599302
2023-09-23,37.52216818035151,22.9314275154751,149.8011564695182
2023-09-24,66.32411303931636,29.4438696932565,212.08689723836963
2023-09-25,35.69858622039367,25.480461792676053,149.43681694841038
2023-09-26,45.599555133030165,26.322350287051165,167.64526197217546
2023-09-27,51.30740577286091,36.18046587605219,210.74859580837014
2023-09-28,64.41273289066116,35.45655060297135,236.93350000792805
2023-09-29,35.6413784882056,33.045690604535885,167.9836859694511
2023-09-30,61.63163752154959,24.538436176637106,193.50004317720246
2023-10-01,50.10233061019587,28.41795775152599,185.62929656240985
2023-10-02,40.18491348952049,36.06548849989592,183.13006278441472
2023-10-03,54.62103474263271,30.708584568199523,195.93869754543806
2023-10-04,51.9905969557347,41.59664769990847,232.16800342597733
2023-10-05,43.99783122841205,31.96658919697186,178.1514598719464
2023-10-06,50.69802084990019,30.960245582450156,197.6083409516969
2023-10-07,46.1468640313824,28.454417678987493,179.969937563997
2023-10-08,51.13517345251248,30.66770452391141,185.6444268328062
2023-10-09,56.62130674521047,29.23765081809728,197.56774268303448
2023-10-10,65.86016816145352,33.54054338344295,238.31251348847275
2023-10-11,37.62184501173151,34.783511583972924,174.6883971196834
2023-10-12,71.33033374656267,26.070052697460252,218.54880427395918
2023-10-13,30.479122004774982,23.34383523221111,133.30005417244277
2023-10-14,48.482149049644164,20.818973134483517,163.33817004915187
2023-10-15,55.883172064845766,32.53995663456272,208.12851960315723
2023-10-16,52.809918677350325,24.483166969130632,176.08178728863433
2023-10-17,43.77300480179406,19.235547035237587,152.36450001779343
2023-10-18,47.918777496427246,31.942893022654822,200.36073237980685
2023-10-19,45.06999065341167,42.46499758716395,222.42926432222418
2023-10-20,44.106352430557884,29.969645442300532,178.54823190084247
2023-10-21,58.496020970210246,34.19245387225821,215.5280749489905
2023-10-22,53.57015485965047,30.409146792737825,194.21552806473161
2023-10-23,43.070904047393455,29.505551734044285,177.27103382324856
2023-10-24,58.995998754332504,34.59538241493884,223.87013585792494
2023-10-25,53.072995208766095,28.548627279056742,198.79986521943457
2023-10-26,58.1286211883896,31.336961570359513,213.52037755053846
2023-10-27,56.29628841923612,31.608489030980067,199.90264242261335
2023-10-28,41.710049890779274,26.659547731784755,168.6584810655274
2023-10-29,44.39818959803031,34.960211747682614,188.6867113025364
2023-10-30,57.472936051232615,29.125201216522957,200.40161939227235
2023-10-31,56.10370265433465,26.221274202535778,192.1222289475351
2023-11-01,49.79098406035852,32.68254921785202,207.6079532231929
2023-11-02,51.17327383308782,25.507660091044812,194.4191207193369
2023-11-03,62.77664895788425,30.140905786845643,219.00963057198632
2023-11-04,44.0842861116417,29.95440501677898,177.11580418001842
2023-11-05,55.470973811700375,35.42947782915789,219.90290935327718
2023-11-06,47.97807347566106,32.373491164399766,197.5148975738906
2023-11-07,47.8231879677278,29.87486520627428,183.6676334264925
2023-11-08,60.9877685198719,34.08883149600143,233.21808830730973
2023-11-09,58.2541634898803,36.951037745086566,228.51179401097733
2023-11-10,58.135096360006386,32.78905153175931,217.12606276074766
2023-11-11,63.05478807154329,30.051763099216902,219.59448670100963
2023-11-12,50.21003841632759,23.4408188382492,172.85046640047509
2023-11-13,56.81952971294964,24.674431684623137,191.85705698211675
2023-11-14,46.89733243406544,28.47387647822666,176.13002837007625
2023-11-15,53.24166352488442,26.952438989203586,184.54913524764945
2023-11-16,48.698569456323156,29.06514348507277,179.09179820300616
2023-11-17,50.96995964992718,30.283249624485535,194.98717432641212
2023-11-18,55.95157025436914,32.64846377178365,213.7432143416498
2023-11-19,41.81779316766527,29.647506109704544,174.8669689952036
2023-11-20,70.9238727568546,32.43250821913101,247.51773233783993
2023-11-21,39.93982618500298,30.3223720740506,170.81878849801254
2023-11-22,37.85811387212268,20.12266716823064,139.42793752689985
2023-11-23,61.581108735000676,25.303323030906228,193.61368218202347
2023-11-24,57.91662693962936,29.279562221391924,201.7364420310625
2023-11-25,56.24119817052155,23.95152628579446,187.8146639862554
2023-11-26,56.2834550926428,32.999643649981024,215.81135168894437
2023-11-27,49.87753227153085,37.65375416171849,211.24649228989625
2023-11-28,41.02745628514168,36.09380925848659,189.97834408645278
2023-11-29,50.75804558193726,28.93278564534896,180.72507936651735
2023-11-30,43.22838288487888,37.45363068424976,197.032511818474
2023-12-01,59.75119733417751,30.743337286010558,216.18432234398563
2023-12-02,48.52942618497861,28.314570144409803,184.87858788371946
2023-12-03,41.745028032074885,26.9329866822953,166.79234471794172
2023-12-04,46.78614158347007,28.487651567559357,179.284106305523
2023-12-05,54.12931454275624,28.059115907293858,192.47129260053495
2023-12-06,44.36275447196025,30.85208111187744,177.9801465821856
2023-12-07,41.77779604433569,30.802869905249324,179.45834390543203
2023-12-08,52.436872114919126,30.015230100767074,197.0242992540864
2023-12-09,52.44966571108723,32.18469084873175,203.9134982083337
2023-12-10,44.9305682462887,35.95323137393171,195.0906564010346
2023-12-11,45.289616943816775,34.74777067720662,184.05583131989718
2023-12-12,52.32049937357636,22.575510157750482,177.85329277917262
2023-12-13,35.51915658502676,17.230394325490224,120.33530886648217
2023-12-14,35.92536225623445,34.67159955619637,171.5516443608424
2023-12-15,42.81555778747564,23.165606507922895,158.59532965828996
2023-12-16,47.86552848288153,28.87617299053658,180.39951273777714
2023-12-17,53.10907565598005,24.149434869703203,183.9661378413028
2023-12-18,64.75356216949552,20.9900978120999,195.56244752317423
2023-12-19,58.576596232020194,32.70731364102394,218.69298000311457
2023-12-20,48.40061470036573,33.79577580151324,191.35877824926848
2023-12-21,49.80983792097311,27.1174479963664,187.03173975797742
2023-12-22,39.97470635362191,17.04478853927545,132.39003098123945
2023-12-23,49.8148686400761,27.268777758737585,179.58968486013393
2023-12-24,47.11341361079862,31.959020027012734,190.82082963934667
2023-12-25,53.227185603380896,22.605442156129357,165.38952151065826
2023-12-26,41.727690564476774,30.91679959889578,178.24904398304423
2023-12-27,55.193465142411725,29.923450754135022,195.01042500631817
2023-12-28,65.32738913002578,32.89645749800544,222.5807993248502
2023-12-29,48.91239851543143,30.597901842070765,182.0067066259857
2023-12-30,54.01711722098941,25.13465529559222,189.00164220370513
2023-12-31,56.90143991711113,35.982857508322454,218.60513539072568
2024-01-01,45.987795281141636,29.20735213486515,187.2662855164612
2024-01-02,52.24092481810417,29.86347730245034,191.39327422829788
2024-01-03,50.12592400781795,25.333660204634022,167.71603884157327
2024-01-04,50.97676098548832,27.783588744042447,179.72166600336067
2024-01-05,42.26990216144534,25.575986429865495,167.44682171252185
2024-01-06,50.245101742589426,29.135269700382885,187.11652169664418
2024-01-07,54.979982912454496,38.558542400711715,222.89415654459114
2024-01-08,64.51143607795042,23.140494285343216,199.24444614119443
2024-01-09,59.59270826085207,21.932193010616295,187.49090923439076
2024-01-10,71.53182457511556,37.35585163746804,260.71819814214757
2024-01-11,42.326524371119504,28.95338161424067,178.75568973442566
2024-01-12,58.723206367206785,26.654636306700418,195.6114784255694
2024-01-13,51.83342005738352,35.199523436980385,202.63517199529798
2024-01-14,71.89802933217672,26.97192230131568,222.6444997626841
2024-01-15,41.91701714644849,39.13004856773468,202.52558252901545
2024-01-16,41.602781578192236,33.38962935669635,178.55565659542046
2024-01-17,44.00607354555978,27.560442959271487,165.9077213944588
2024-01-18,28.76104275690193,40.786541066327516,181.60064812053582
2024-01-19,44.74244978319239,26.97142538498331,170.15591396348245
2024-01-20,42.40867338446302,33.71047686004653,186.1127623261236
2024-01-21,51.50393786476208,31.49646290203246,193.70478776212119
2024-01-22,53.41755975777159,36.50870644699399,215.20923528549633
2024-01-23,68.76170839215887,37.807555983634266,246.324919013879
2024-01-24,59.5042383818605,30.160020745328833,213.93953105533143
2024-01-25,44.23096344337597,26.232910648269083,172.33690550517798
2024-01-26,41.01585328651642,32.29986071469558,169.7003494059291
2024-01-27,54.919191715065054,26.61142315123947,185.02509858288647
2024-01-28,36.797667929793576,40.066936237633115,186.3134982970361
2024-01-29,68.31458765854353,30.682676655413687,225.42708561129365
2024-01-30,61.79440120721287,28.173392243439455,207.69178929579232
2024-01-31,45.30824347895295,30.923401529324543,176.13846544738692
2024-02-01,32.868654709091224,23.264368552351517,130.92111600961042
2024-02-02,63.538723741654124,25.141929807446743,197.48345004524097
2024-02-03,48.85460154747382,36.00206953972213,206.75174836110875
2024-02-04,62.378163119734616,26.71552860514302,205.24963374007956
2024-02-05,34.05572341205633,24.7654450865903,138.79909431719727
2024-02-06,44.00624977046227,32.68326376263643,186.94639518953082
2024-02-07,50.05243699718183,35.928520773314986,205.1570358913723
2024-02-08,50.46980593764742,33.594766553325336,200.36563598364057
2024-02-09,45.49934528520756,34.98023842902908,204.30666630899506
2024-02-10,56.228499323474985,26.216024557152696,197.80737757735983
2024-02-11,39.32379570617405,22.89094666629078,140.82252522658246
2024-02-12,48.576205149787064,37.506668259777435,213.82107716830234
2024-02-13,51.20295631711899,28.38660080578932,191.6226978240639
2024-02-14,55.14438834058749,28.745834917724764,190.7849649905862
2024-02-15,57.1161487808889,36.64097070924529,228.24909790828795
2024-02-16,38.75357908162131,32.7811500470033,183.54026789631527
2024-02-17,34.65885829264378,32.279438860408035,160.5433091352896
2024-02-18,62.77676821898509,40.825011724505416,243.44105750641512
2024-02-19,53.323140119795916,26.782408848099287,192.08181411810722
2024-02-20,42.51513463443446,34.63920064040619,190.3053477442157
2024-02-21,65.51151975522524,30.285065624485423,224.63561776010437
2024-02-22,51.156746342928585,31.342961394316283,198.0453229508085
2024-02-23,61.792971840638266,37.64234213206266,238.46644968210524
2024-02-24,50.67518481410109,32.53917878144812,192.33554533099112
2024-02-25,70.60747924881987,32.69148039524816,244.52598821649147
2024-02-26,67.55340842443204,35.362536686549014,247.04237687064997
2024-02-27,47.51035851520926,28.175236352285573,178.3994723669351
2024-02-28,59.71570950954356,25.803951663304968,196.6258892599327
2024-02-29,56.45375949585147,24.775954029894834,179.57984356860885
2024-03-01,63.68631557532349,20.16821705311999,190.4485560900961
2024-03-02,40.35076539419896,40.28103564970161,204.40492494607346
2024-03-03,56.86051459998439,24.483958171391585,186.861948629147
2024-03-04,60.58424486849588,28.89373188207114,213.4714521825577
2024-03-05,32.41260513576886,28.615933500555396,149.0026246183042
2024-03-06,38.16741487334225,31.537033489045506,173.76895984328903
2024-03-07,29.607678222398995,34.078686062696484,156.3530929394269
2024-03-08,47.305931655554424,34.30236744179873,197.4012048821338
2024-03-09,57.17542255795962,27.08461280715531,194.73291224787098
2024-03-10,65.02357052096028,29.164391431067944,218.66685494532908
2024-03-11,50.74094780419775,31.412899752441497,193.8729602215532
2024-03-12,66.28615545571292,28.756544369082263,218.18458104031427
2024-03-13,36.198985417851084,38.03672788009996,190.6383903332096
2024-03-14,32.96617560644845,32.45487475819126,161.11315430127956
2024-03-15,49.44452301103381,33.67438893024909,191.8793273091215
2024-03-16,53.840654489393074,33.31440634333706,216.37244752982446
2024-03-17,49.67305251905907,35.86736928742663,213.85548329385043
2024-03-18,29.325578999601234,30.905107793518535,144.90516790422996
2024-03-19,49.10879960487212,23.515840260220767,172.2136590166325
2024-03-20,36.95530499495147,31.998439758763208,167.39105541343585
2024-03-21,56.69672548830039,26.743215531040853,194.94053364637864
2024-03-22,53.66598246096848,27.356916591251217,190.87383534075806
2024-03-23,40.60120213672645,32.931820093775464,178.8258255531977
2024-03-24,44.861330826633065,36.19141535716818,194.3780793968387
2024-03-25,39.40786478111048,30.106357883680307,165.6820979516806
2024-03-26,49.37320902726828,31.544165062994818,188.7979536661148
2024-03-27,59.551423205012384,38.51107472317619,230.47695953840113
2024-03-28,40.14273953664456,31.203765897442842,173.56088531537085
2024-03-29,55.040465155178445,43.008415570901974,235.52737707750904
2024-03-30,44.69742381627559,32.827548228157724,191.28775264558746
2024-03-31,42.07127167737656,21.19618620422091,155.16733274409546
2024-04-01,48.929696400454425,33.76670810552266,196.2592509106266
2024-04-02,39.64757677580626,31.90579192441389,176.20955182753107
2024-04-03,44.46350694652818,36.44876377041373,200.77173075581217
2024-04-04,38.021221074111516,33.365906756349794,178.50017377186876
2024-04-05,69.6472513291639,29.307720080081133,227.59743923815162
2024-04-06,50.35263551971729,23.878508818553172,176.05420958689268
2024-04-07,43.00274492007414,28.954883713569874,175.2813857442612
2024-04-08,52.13979910734222,25.7473977289535,175.33347928990844
2024-04-09,48.8767195030917,27.097382750976386,183.39136758105892
2024-04-10,47.79030400466777,32.942892022103045,198.8457382619784
2024-04-11,56.14166700043425,38.34952252175703,223.5154710452467
2024-04-12,57.57507710047305,31.973357649114906,211.25991632552885
2024-04-13,44.69498852389472,24.020584689824076,164.868376081317
2024-04-14,44.2418175935532,32.2230133411007,184.1061061125117
2024-04-15,47.24948302848356,35.98315743322826,207.81332859548195
2024-04-16,26.98078835264415,26.95108547840309,146.6341956135944
2024-04-17,34.84808937801448,29.32991416663541,153.7559910927603
2024-04-18,63.66874267444525,30.073440973645987,210.65258525405957
2024-04-19,66.44967713501283,26.075508434588798,212.64497255181647
2024-04-20,47.50963960443622,33.2414021692193,198.35129824216105
2024-04-21,55.765569630557664,29.395259256961094,198.56258516277475
2024-04-22,53.112501545435364,32.09766221953514,209.78429306608132
2024-04-23,80.78880808455239,25.562539110989498,231.57220450345702
2024-04-24,61.195749114345766,27.812708498382946,209.29421683899844
2024-04-25,48.72082408519233,33.61190678913886,195.24806443400678
2024-04-26,40.44459559399574,28.135834239541165,173.89358343765144
2024-04-27,33.93553679742428,38.63481925616703,193.73810812919024
2024-04-28,52.03463635867223,28.001819071926988,184.24144699420867
2024-04-29,42.436492547156966,31.12342362875943,175.4954703010493
2024-04-30,35.77746290402326,34.66295415936545,179.84172772104185
2024-05-01,43.534271157574736,22.908171335334842,153.8574030722064
2024-05-02,39.18451996385605,21.19595594009612,141.72985165833924
2024-05-03,66.87141635072564,22.371718427149524,200.98493008561192
2024-05-04,58.816397569494505,36.31292051713591,216.97319090940846
2024-05-05,49.92027358683383,27.240709270537767,181.4934862548098
2024-05-06,64.79944138890026,42.79099642834126,254.52323319250345
2024-05-07,50.77368307647618,27.178762006713058,180.61803806109268
2024-05-08,41.38715798671736,30.922756515985185,182.76074553873434
2024-05-09,65.23124077269657,37.71054976283938,237.311596362515
2024-05-10,55.38910043684659,40.03046444079561,234.9356201298199
2024-05-11,39.62753845673544,40.30751788318199,198.7828159113578
2024-05-12,48.09661321916392,36.04183115296571,202.9199190547458
2024-05-13,41.24381746615243,35.12031262905731,191.80043229973532
2024-05-14,36.172002690356635,32.96263474600592,172.93216609157548
2024-05-15,59.26177547531641,33.89180538083319,223.05203207923006
2024-05-16,69.0941664047013,27.244071418357333,224.76147036713888
2024-05-17,36.01432426180859,25.909005582888465,148.09912335636594
2024-05-18,55.62969236690571,29.98312771294524,198.14758420010835
2024-05-19,43.49357430878173,29.149076887375358,169.00862664690055
2024-05-20,45.12874616235304,27.733859753363625,169.33201893490218
2024-05-21,44.07606075761131,33.481937237283574,203.34340535361696
2024-05-22,41.36009230320184,34.77652604285255,193.2731606386453
2024-05-23,50.48521627944827,30.442034431459238,185.54116402223414
2024-05-24,41.69049883588962,37.38765040527631,188.93165910389033
2024-05-25,52.704568257798385,24.291554429332475,180.69313011218665
2024-05-26,49.49761890550863,29.03170270360141,188.82666990871132
2024-05-27,47.6105195313359,26.415888396985977,177.21312343021657
2024-05-28,40.92436337958402,20.6673169146347,142.57589853530365
2024-05-29,44.23228669431667,29.586596570786504,176.59709180097835
2024-05-30,57.55391225825756,29.39126245808358,204.92100951156266
2024-05-31,55.009171876243805,37.567248716210656,223.14955493258626
2024-06-01,40.22444755201449,33.154058422773886,168.81456850861298
2024-06-02,50.99332305429226,24.879065878353977,175.47484559077049
2024-06-03,57.51387123371789,39.27046283167094,228.58209879114705
2024-06-04,33.305947188786284,36.10516847762676,175.80345690499544
2024-06-05,55.43360192379935,32.910488517343076,224.52496441264495
2024-06-06,43.37376241054153,28.86757950575084,175.18767166570711
2024-06-07,55.70598668593159,25.202803816382602,185.452736390149
2024-06-08,42.367408434574834,28.138966119644735,173.76072273797013
2024-06-09,31.95117899335481,35.443743098520926,172.64702671831847
2024-06-10,33.72457562116837,39.42293152967304,187.81841828361507
2024-06-11,50.48084946661382,37.71621764136094,217.14460482338882
2024-06-12,52.59722501721482,27.55575289106863,198.1444265317832
2024-06-13,40.956833748955916,24.401912833554945,149.4649638219471
2024-06-14,56.38592458777374,30.70443123455602,207.2533032632728
2024-06-15,33.3847993773104,21.157803172185744,125.61110262127035
2024-06-16,49.33920201352684,31.615838570923906,196.30348297153662
2024-06-17,37.889838002375434,29.261987068506656,158.97220465284036
2024-06-18,43.48163892197841,27.66981749065879,167.88589624790777
2024-06-19,50.47398671316414,22.02648466366602,165.55197784613682
2024-06-20,41.39586634716048,32.568000532848586,185.37481788959025
2024-06-21,46.154444557701744,27.336495801690443,178.9106487401869
2024-06-22,60.0629280921444,24.15041582144856,186.34851676640255
2024-06-23,44.23108130476851,15.638688933591753,135.65289996531152
2024-06-24,58.35692112065142,29.862425474746818,202.75321939179744
2024-06-25,38.702931453423815,38.86125798334872,187.69711230351714
2024-06-26,55.298041779152825,38.30629607273935,224.42988652440187
2024-06-27,64.41568620657901,27.714518717068643,210.43251462208485
2024-06-28,25.283554998727105,26.988939698191096,143.6675115237551
2024-06-29,42.03104744529523,32.34387128037512,183.2585078585193
2024-06-30,55.7707212718054,25.008072804058543,179.67757345201525
2024-07-01,47.96954613957007,31.50895949909733,187.64210075557742
2024-07-02,53.71145873371309,33.83040139192345,214.02103812034352
2024-07-03,43.960148132841795,36.13466611942154,206.76650848829786
2024-07-04,50.865897874729,29.499229617600236,182.2995680410689
2024-07-05,48.44322764607921,28.98163124911517,174.43172711380873
2024-07-06,61.67782061659807,25.610087066217194,209.54072830870663
2024-07-07,52.54420843301213,25.8655982298007,184.63328244228086
2024-07-08,53.37602662075202,28.867605540492367,189.01340620359932
2024-07-09,45.881230338775325,31.83682753408089,189.9460887104055
2024-07-10,45.123937759275066,34.567923131166246,180.7729062169645
2024-07-11,45.67441812180379,25.984105246598276,169.3180295163882
2024-07-12,53.944521423782966,37.46344284479761,221.91847724617418
2024-07-13,45.79015519179737,28.644381994787157,182.13480706564536
2024-07-14,52.89774856896413,29.89316352825782,190.405507961239
2024-07-15,70.75400798645438,26.263941604260882,220.7282765927082
2024-07-16,58.711247034316926,17.878798698635293,166.43176703424177
2024-07-17,46.73976467832159,34.42022698180525,198.01712908043052
2024-07-18,62.012139221639444,33.684219485462165,220.60020528785026
2024-07-19,45.91924626978449,28.593362214408934,175.57807498699466
2024-07-20,29.61875464822146,30.33495358612436,145.26329308086486
2024-07-21,39.91913689082596,32.5796960885205,180.83304325633168
2024-07-22,31.292080789741444,22.187270715567287,133.43822930946808
2024-07-23,46.48486515958692,27.354736613268525,173.86083730919236
2024-07-24,50.184183791895514,33.971323398109135,202.47352775291859
2024-07-25,66.76437312275283,23.728552884153753,197.47144782479918
2024-07-26,53.269273737641626,31.467789660833148,199.44353321774875
2024-07-27,47.80899471191136,23.217090976882975,165.01823926926295
2024-07-28,58.294055811834895,32.33214991216763,226.68852681532255
2024-07-29,27.88864690992115,29.821792588512583,139.68283645650922
2024-07-30,52.356145581085656,21.924340920472453,177.80620011735087
2024-07-31,57.708651938869664,35.82369677228586,227.87268806192594
2024-08-01,35.214137542201584,26.327042116009753,150.81258345488314
2024-08-02,61.43754043206929,25.948737814928094,209.51439672989852
2024-08-03,53.38496407494414,31.002845986154714,201.63899347138675
2024-08-04,45.847120860991986,35.743186747143575,200.86959794175434
2024-08-05,56.32781866106285,24.920890905108017,187.15270677236202
2024-08-06,72.70692857804396,30.30839924923986,242.45689931590064
2024-08-07,51.81866255058495,32.14408250165287,205.55191877518294
2024-08-08,52.48220586300336,33.46552803631572,202.23260939747283
2024-08-09,45.40639100459756,30.882207776386124,176.86316936535965
2024-08-10,41.50155630535208,28.164860804583387,166.48279183747607
2024-08-11,58.303358165442454,25.862048896756402,190.19267019916586
2024-08-12,41.43916174091133,30.430719415231874,173.8528588544415
2024-08-13,50.715662372193925,24.639304940071966,181.53643023802445
2024-08-14,45.223425532348834,15.393247582526964,134.34008553684458
2024-08-15,54.78979825746392,32.18279902078834,205.91387667073496
2024-08-16,53.33662105286948,34.519674205430974,210.52237839607386
2024-08-17,60.375399442578995,18.18533782229081,179.54896676305685
2024-08-18,44.89983601145253,24.95134647645031,153.419264782333
2024-08-19,47.30125064706629,33.09577130502599,190.85631373538408
2024-08-20,40.21236284217693,40.2874773485585,202.3435761914267
2024-08-21,45.55706739923888,30.10396853837704,187.42643519574315
2024-08-22,53.77300493044852,26.35998529385433,184.16645350492902
2024-08-23,57.56988616645352,29.0855177944758,193.01356218612509
2024-08-24,40.77834675822375,36.87438209574093,195.27839703350097
2024-08-25,58.6960592010566,26.770179104377323,194.52584377111702
2024-08-26,63.55637858804951,26.00403996674873,199.1765437808934
2024-08-27,54.13434903223701,27.58628238908984,187.90581828317744
2024-08-28,68.76795812558066,25.233356958706437,212.31336033900138
2024-08-29,42.26210800896427,30.613351579973976,173.3405474351594
2024-08-30,37.55345296688583,38.1233922923478,178.4492525253197
2024-08-31,32.212797510957216,31.615396365580146,163.7571151030905
2024-09-01,64.96044311489183,28.738232489368563,222.50995890428297
2024-09-02,56.54365656354058,28.54094365542228,201.96775405004553
2024-09-03,49.44415329089545,22.184045956516716,159.75201609921697
2024-09-04,52.799686263198204,34.415548885735795,207.8385615138662
2024-09-05,38.74510952701623,29.61081401493599,166.29005452269317
2024-09-06,74.45751979616827,29.09760043204687,239.2018128362867
2024-09-07,51.292211819752275,45.965537839224304,243.82273960076787
2024-09-08,51.09394794604893,31.49376454182843,192.9983205236907
2024-09-09,57.25766623898692,26.24104474952408,193.6484445086139
2024-09-10,54.810092317367136,27.868212018972283,195.51122271472732
2024-09-11,52.23884024279131,35.74222854598378,218.98347773426778
2024-09-12,42.09525544554688,30.56635205268882,179.41209974828385
2024-09-13,54.714683571359956,22.808610108413166,181.800480904837
2024-09-14,68.82024496475034,34.596144672876015,241.84805708777554
2024-09-15,63.454200461549775,26.65927957230503,213.93853536603217
2024-09-16,65.93186626639397,39.366488881087726,252.0120131558486
2024-09-17,44.88784323568815,35.40024032857324,191.67096790622819
2024-09-18,40.10395179741419,27.763390521706246,170.51492501057308
2024-09-19,48.74213079900352,36.40508180867556,210.18902338672885
2024-09-20,50.557249122886944,30.339277552637018,189.91711079804253
2024-09-21,60.94191518470949,34.263868375611096,222.27797065925603
2024-09-22,33.07535370285181,32.42366408647237,164.90457739082456
2024-09-23,65.29550319460614,25.768216725045633,210.2115805406871
2024-09-24,48.419921014210104,26.78225083841269,178.17305587181428
2024-09-25,45.7311893005258,35.14980408790581,198.46833423198345
2024-09-26,39.87895624739832,28.326123339467294,173.23606938608043
2024-09-27,33.451433281342304,27.981757683790015,156.20585537522908
2024-09-28,58.231705839619146,25.224387103253235,193.08975094532315
2024-09-29,50.73317967188404,32.11799532796731,202.5268982315074
2024-09-30,37.10039100258946,40.31262459621573,189.9760362761884
2024-10-01,37.04921227936384,24.662335428728635,150.07506609464764
2024-10-02,46.64215300709872,30.12109728336379,192.69412961295436
2024-10-03,66.69021525289392,37.061102777077146,243.47350936005742
2024-10-04,47.40408648636395,29.601793043771423,179.37538246094675
2024-10-05,34.96857046881894,32.26185898124867,163.46227343841858
2024-10-06,47.54256935914056,24.688032359265602,163.70107060936596
2024-10-07,47.27276430252329,32.141535486038244,187.04632552252278
2024-10-08,23.031133570584284,29.064278674977256,131.4025626731502
2024-10-09,49.45705133482188,34.928649978399314,196.67221750894848
2024-10-10,47.69065469791322,35.936930257823754,203.2701918390457
2024-10-11,56.96206364813418,42.94781821009307,247.2789677954808
2024-10-12,68.48956094945345,32.89816586606788,231.13483859637594
2024-10-13,61.26565029547757,31.628981582910832,225.01466495789649
2024-10-14,47.31111309445169,30.97192150788668,190.09195115520143
2024-10-15,38.934740912583294,28.23416853594656,167.72489036112654
2024-10-16,75.7335980324986,31.692419217308455,243.2552809476619
2024-10-17,50.59218434014488,28.522992949304854,191.0259736635374
2024-10-18,50.13929291912946,30.84230488134807,187.34583098032655
2024-10-19,49.758749128899964,36.587987678039795,213.73269879610183
2024-10-20,51.98084760767855,24.967287173601793,179.72275343513013
2024-10-21,48.556395880760576,35.699392805645225,206.97722627838073
2024-10-22,44.26337993119763,36.58557533669933,192.405512844369
2024-10-23,44.53141058759608,29.409657365044605,172.81644405894295
2024-10-24,49.672467297840015,19.390725504957025,160.50325220181801
2024-10-25,44.56575228866235,26.960890064527838,165.27243474978724
2024-10-26,42.871542173228356,36.484972732805545,197.51403400536898
2024-10-27,51.064302276918966,29.88565968850559,184.94989458705348
2024-10-28,47.450227825791444,25.003488838525445,174.1517932304926
2024-10-29,65.0399298858269,27.47612539385891,206.34561937938798
2024-10-30,23.490301916069882,34.20310013252276,152.35140391810566
2024-10-31,60.91506851922462,32.7336678410069,223.15929522969992
2024-11-01,62.46085192497629,28.80533950415153,207.8538632702593
2024-11-02,29.266097675918505,28.165877940926563,145.93996201004035
2024-11-03,46.573124059196516,28.04120925478089,178.57208719940348
2024-11-04,46.28559134004209,25.387949077507486,166.04082063164296
2024-11-05,35.924883052821784,38.07687844734721,181.03762802730415
2024-11-06,42.22183312409125,28.3883976539433,159.7957307516495
2024-11-07,38.894241545341714,36.085792604127484,187.79411113956436
2024-11-08,67.52270443423623,37.60658025961226,240.04113579049897
2024-11-09,59.35678393147461,34.9915544907398,224.16495233237515
2024-11-10,62.71555094994159,27.841898436409757,207.6395561287012
2024-11-11,57.21672064043235,32.018650451683044,213.8851065131048
2024-11-12,38.70948228782771,29.879021968045418,165.54580298234237
2024-11-13,44.75479733720226,25.48149069634936,164.30682783171716
2024-11-14,54.89374561227918,31.621796408608017,208.3122339718239
2024-11-15,37.778721911080545,24.10480104420099,149.54713710018464
2024-11-16,57.12998430172388,35.93839694230782,223.65593921628513
2024-11-17,47.59674601841865,27.676913513508033,180.57057052640405
2024-11-18,46.251791924504026,31.005798279364196,177.8431180710651
2024-11-19,57.10959968203491,31.41643935773071,212.25246083719685
2024-11-20,54.4426331148604,28.705475131479613,198.06403559422765
2024-11-21,46.3903383418092,32.933469007376374,186.49766806286502
2024-11-22,61.59329803364248,27.62548171688738,204.8426388495761
2024-11-23,39.189366724001026,34.35648648728622,181.25165647172255
2024-11-24,56.15935606944264,23.270101598766257,181.45653301317537
2024-11-25,55.93101257968384,30.63189789773206,205.42701868540655
2024-11-26,46.904535606860094,39.694644995291426,220.0498401087504
2024-11-27,53.26133022242118,24.998343376972127,186.92652421412288
2024-11-28,37.488864236146966,26.611275147375743,148.25045794726412
2024-11-29,59.24027019206901,32.569539248294575,219.299508080552
2024-11-30,48.15097863557011,30.89790890969799,195.64035059791124
2024-12-01,44.772769794809605,31.753150496367795,186.7390336821686
2024-12-02,60.49009225836889,32.44593565073832,223.7728935948826
2024-12-03,42.95656309457241,33.17360734280885,195.4953004460752
2024-12-04,35.91538703636441,35.54849920978111,183.59481943260707
2024-12-05,34.433708264760966,32.04909328464257,166.26123936165828
2024-12-06,56.06009951345639,28.793711726907286,203.7267765780584
2024-12-07,37.19570647503717,33.362868506013655,175.20445763359976
2024-12-08,67.54794181984364,39.49940967447608,253.7136278795403
2024-12-09,29.18070592116278,29.33683126808713,144.6148344680183
2024-12-10,66.96456368290038,25.127353476646793,217.1282545899017
2024-12-11,52.11017467202618,35.53540334643486,206.73441605364692
2024-12-12,49.032868881296075,29.398094180232007,193.92185892667874
2024-12-13,44.550809131910505,19.13665226992982,149.01089569231232
2024-12-14,53.991361143520706,34.23710838575211,203.69751657028803
2024-12-15,49.62365297575152,27.323359070230385,183.05562962715132
2024-12-16,61.03301882016521,29.547333588479198,200.20790586750988
2024-12-17,51.142276486620396,31.659901652845072,200.3917980159312
2024-12-18,51.50301761461878,30.952498398895333,200.2896878408685
2024-12-19,46.36387787786144,33.547259085695195,190.40775323454818
2024-12-20,49.43054376278933,27.822568147150783,182.9465304468089
2024-12-21,53.07801768892059,32.565528990880416,213.62340951923386
2024-12-22,32.89831607343375,28.702266612080415,149.37469846179906
2024-12-23,36.518145778942866,33.694052404437514,168.82391083591529
2024-12-24,57.43264094022715,33.07683742006527,221.50411115296313
2024-12-25,51.708654381279416,25.322806489777022,189.19866418454387
2024-12-26,48.16016663647321,35.42991058087516,202.6285433748111
2024-12-27,50.184339330653934,27.32018277442976,187.3865421616389
2024-12-28,53.47581705361671,34.040288991405724,215.77988065910498
2024-12-29,44.60240319690639,31.836436567006704,181.00169493214096
2024-12-30,42.216952745976876,39.190918383975614,199.58013146704124
2024-12-31,51.958452550976816,28.88267008814074,196.7192879321495
2025-01-01,40.21627222384968,28.253416019409013,173.61786389946892
2025-01-02,54.082527557144715,29.902901970561338,200.68816532684522
2025-01-03,32.9741639576216,28.484101085828623,147.00155940521879
2025-01-04,60.29155637325644,33.99970950971025,232.51754683414083
2025-01-05,54.72597482413043,21.91844695781706,172.55243603265222
2025-01-06,52.56029734313876,24.73158790426823,177.63966949322494
2025-01-07,59.82690983945514,24.660985392104035,195.34846502767047
2025-01-08,66.65474444462576,34.751537959867875,245.33490487242904
2025-01-09,60.1437006501813,38.553066862909624,240.2164817718526
2025-01-10,31.591257686683548,29.477753907312643,153.69010459711458
2025-01-11,37.204230332642986,29.155891384049948,164.19257746802634
2025-01-12,43.75181422304321,30.350260815565907,178.7719842360015
2025-01-13,50.26091050210834,35.80939151304095,210.74069311593206
2025-01-14,55.17659020469123,25.36323432904713,173.79508300805233
2025-01-15,42.742561868465344,31.191844913673926,177.57762118260348
2025-01-16,51.86766764477078,34.87598814891215,209.56990941086192
2025-01-17,42.44617067646678,32.50547084969923,176.6536834839337
2025-01-18,43.884821970080516,30.947908082993717,182.5449847782
2025-01-19,35.93338903151778,35.005230462835705,175.86011334661208
2025-01-20,40.76766753889096,16.483838535003812,139.76422917437083
2025-01-21,36.48315394383666,33.38937659765454,180.99953630671124
2025-01-22,40.241267470226674,26.72962158436288,158.34237184795117
2025-01-23,60.536417966078396,20.846835515717714,182.85915392147646
2025-01-24,40.50601111168057,32.556012997624904,178.3103233881939
2025-01-25,76.32382064837391,36.86829272581479,260.99422209339406
2025-01-26,54.93317900880889,29.31275742686154,198.77975521834307
2025-01-27,51.84836123694874,34.76437273601469,204.1984303375036
2025-01-28,41.41642219818787,38.06139128994323,191.36394159151777
2025-01-29,57.003098794089915,36.57457226792024,226.8434705114419
2025-01-30,44.24362173762226,38.199822646856965,206.23435933692446
2025-01-31,51.220098146453616,33.71063745535946,199.55052986068563
2025-02-01,75.60084538268795,30.377168194507963,246.80997250271278
2025-02-02,49.0394010027535,21.990170940514158,160.8914261812228
2025-02-03,61.49273326285676,28.769687559350256,210.56035539395418
2025-02-04,42.96823574874112,25.783767023419042,167.38949263080164
2025-02-05,49.65011509503038,40.85471358748907,221.6963081290094
2025-02-06,67.7080063563551,29.120570937838316,225.05143008693082
2025-02-07,43.730329422122324,30.61602403392243,176.72658272657407
2025-02-08,68.12448557996929,32.75742688020234,233.5389188834051
2025-02-09,57.07751935455475,30.218012231862268,203.7797782502946
2025-02-10,44.37533224105732,38.47525520215376,200.44353835587472
2025-02-11,56.32407739055521,26.88675319132774,192.42454353951473
2025-02-12,59.7255444962673,30.973037276186215,204.62710932677453
2025-02-13,56.21809962217196,26.28764707150976,188.84337172316268
2025-02-14,34.297752801095434,23.39988744389647,137.37079046703195
2025-02-15,42.728628241751316,26.941154545473573,164.99982135744642
2025-02-16,47.52481364448495,29.81481601475794,183.28658810388984
2025-02-17,49.25566570899954,27.8534888774137,181.76297705093953
2025-02-18,56.206720975506784,26.53789510063072,194.42433484333606
2025-02-19,51.777010009332535,22.96841268164083,176.8318434342502
2025-02-20,36.64655641289899,29.584472136856526,158.7977031021262
2025-02-21,53.801978510059634,22.476398129844988,169.01714713270852
2025-02-22,56.10585745283823,33.80027981844801,208.40233229980498
2025-02-23,55.5979044793104,30.412198764672517,199.9963906466637
2025-02-24,60.807807255546216,22.71224250267535,187.99273543003594
2025-02-25,58.33922154548904,28.453954614750682,198.19032660424284
2025-02-26,54.59180079228437,26.239217972047083,181.4206721794605
2025-02-27,49.29834288541353,31.5958725520959,191.10369928974384
2025-02-28,33.39039066484008,36.702252230115725,177.7946711205972
2025-03-01,54.296182191325855,20.624137651771278,173.43992466714334
2025-03-02,52.076876871631114,30.575130395737087,193.09202966493189
2025-03-03,52.715788371953735,29.199336022166797,190.9645956996907
2025-03-04,37.232514241796906,33.35670038225233,169.90163808611425
2025-03-05,39.189434595917376,31.065983141188447,171.4196227635262
2025-03-06,60.53152853332904,26.240153341305906,195.54137391962172
2025-03-07,49.60444846143345,28.40473032166691,187.28872695407364
2025-03-08,56.81500697372624,26.019870715982556,182.7602936357296
2025-03-09,50.28318376130461,35.38003569299299,204.90832623932587
2025-03-10,50.297561394957455,30.10655824335971,192.42033421595275
2025-03-11,59.382838059759976,39.50595342876504,238.2027089874276
2025-03-12,44.83955271782626,29.696695930926897,192.2343615483357
2025-03-13,50.96120776940983,26.457966165447687,183.04531415800224
2025-03-14,45.377247112949576,22.431428036935863,153.0285053524967
2025-03-15,45.65503772567684,20.984301618720274,153.78565907206914
2025-03-16,46.908278765313604,22.079320284972553,151.1732867182126
2025-03-17,52.22133771633713,31.335633255057417,198.0465764513627
2025-03-18,45.212513783365225,32.54362511614967,183.89062263017564
2025-03-19,62.55756125573521,22.094046489839332,195.97421335878923
2025-03-20,41.05392697780496,34.475191570380574,182.785727293774
2025-03-21,48.13128355838641,27.5846947415828,178.43282176254496
2025-03-22,45.60268941725825,30.733965059927748,180.22948480727771
2025-03-23,64.46977884353733,38.06110314127712,251.81712387017268
2025-03-24,51.965547765115744,34.48419657932766,205.7774714376249
2025-03-25,60.31844539468635,28.657346760470837,215.77171628818124
2025-03-26,35.14439626963028,25.544038872923565,150.99166796862258
2025-03-27,52.67050265869259,19.240922993353475,165.47410793412254
2025-03-28,58.89630795623437,26.4042334037879,198.84898186042003
2025-03-29,50.82283989275424,28.944348805861527,190.44771269417433
2025-03-30,60.654803750653514,25.06410236424408,186.8635516973112
2025-03-31,44.82711549899628,29.343715164538477,176.29095952085422
2025-04-01,64.0934744018558,30.384259414793842,223.56551690401474
2025-04-02,72.9889812361925,28.875720090959607,232.3606368278933
2025-04-03,46.37161439560341,26.7499870958827,165.96724084483705
2025-04-04,45.54497478599228,30.84327335983364,183.35774739859815
2025-04-05,64.533844771177,32.209703247847045,234.2173268671726
2025-04-06,65.79572145730712,24.548004612785768,211.46991533064514
2025-04-07,44.771399728467316,37.054661898731354,200.39676510629855
2025-04-08,45.798131829041424,29.507059338578692,184.87468805910936
2025-04-09,47.18215391139493,30.094248114724238,182.81451706512232
2025-04-10,36.555494889657226,33.541072116282784,165.21484819402923
2025-04-11,40.81348053515802,31.166080656317508,170.5028730986208
2025-04-12,39.95859233247932,34.76568316956622,192.02867801619828
2025-04-13,42.32202434895871,31.43562082600912,177.58094576679827
2025-04-14,49.65315112613219,26.93781312679781,178.9028217357827
2025-04-15,52.342147325365204,31.80751762603051,198.60765654744753
2025-04-16,65.50500492814076,24.28136896339669,213.37479969433664
2025-04-17,40.016459592612094,30.542798528882617,179.79110934868237
2025-04-18,59.843223984765835,29.833850046777695,220.2818992771054
2025-04-19,47.86011155774491,28.959415713637302,181.80324420440147
2025-04-20,49.50536290347567,29.357312442805345,188.56078557910286
2025-04-21,56.74819492166604,20.590754772511804,167.68544141376356
2025-04-22,38.772779784377015,27.256375461295193,166.69935808323098
2025-04-23,53.82409746184051,30.464224505705573,193.20197068445808
2025-04-24,51.66452208213056,30.799281959987002,196.81076786303527
2025-04-25,54.92451264008149,24.86162429537021,178.94738552810938
2025-04-26,52.89168643907818,36.328539204323505,211.8246563574334
2025-04-27,74.55300139910895,25.669125758927496,221.9270679197519
2025-04-28,43.62260015748684,34.84728600263368,188.7476820194956
2025-04-29,44.690030449981826,32.13597180935842,183.09236281229403
2025-04-30,43.76859473575236,26.768863450780984,165.1024358492223
2025-05-01,44.44522880839745,38.87655446304756,209.68679056483913
2025-05-02,43.62612872693482,24.0318158412176,153.82339101220987
2025-05-03,61.89016531107552,34.59577086805001,228.6703503613704
2025-05-04,64.20504247989855,35.00291159021489,239.50861549196958
2025-05-05,44.29253706250524,26.646898954616777,165.95978916629383
2025-05-06,41.67644426895771,36.962326500321645,190.65027358514234
2025-05-07,54.71415556386404,28.749767427005235,194.52499028284254
2025-05-08,44.477769557190285,31.443468146399287,189.18456959538196
2025-05-09,56.32931817755511,31.301609193856102,207.5340020914453
2025-05-10,52.029230208513,29.32845629264726,189.3877578219298
2025-05-11,34.84255885002768,34.05404136579891,174.2666250533923
2025-05-12,65.47505201330061,33.967443602761065,227.34097408570233
2025-05-13,67.95877673095522,21.257340133809095,203.09637141555245
2025-05-14,43.87211309515614,36.52170121439076,199.35236637199338
2025-05-15,46.122984400640156,21.68754005982163,155.76954662505076
2025-05-16,52.85865390724905,35.16273102170829,207.01257188738683
2025-05-17,53.34456789987025,35.633525684137915,209.156308240737
2025-05-18,56.5854427267283,24.54516784892401,189.4804756819582
2025-05-19,70.1020453876635,27.945928560227077,230.18677896845352
2025-05-20,48.2305277250595,24.47147665757032,166.68894668768598
2025-05-21,42.01702755461546,28.925394848556323,173.1021731726573
2025-05-22,36.20680771985473,28.459828579071292,147.35796608391303
2025-05-23,42.69069960058081,33.8983026613467,184.1532185319157
2025-05-24,49.66873027126203,36.55154373059804,208.8367970699637
2025-05-25,67.94557863517788,36.97841905394978,242.27799734729592
2025-05-26,44.823887009638284,27.18915986710849,166.53272174665403
2025-05-27,52.237879516388986,28.95389063127736,187.99853314426565
2025-05-28,49.83577103927248,21.58280903889525,165.88093283686257
2025-05-29,61.88393273448084,25.970649667519055,200.74316937948697
2025-05-30,75.26932425873622,34.82425816548729,243.82026684730943
2025-05-31,44.69131227079679,38.07791411774116,193.01286613164174
2025-06-01,45.10560557481778,23.82825564060039,158.66165218215087
2025-06-02,60.44160877069072,27.037678704235528,204.2846865843558
2025-06-03,56.81891489626312,29.867971215205365,189.5042192245162
2025-06-04,68.46707325736034,31.400805794098034,228.63791301625662
2025-06-05,55.839281853259635,25.95198240039177,186.9032716251075
2025-06-06,46.40707909212941,32.12030522232045,196.1167627422624
2025-06-07,55.90654830692309,27.63080326464542,192.7803973492181
2025-06-08,61.087035805829075,29.927738645608603,213.8722324721886
2025-06-09,58.204821811973645,32.7314212400185,215.3101930444401
2025-06-10,55.07274031107298,30.032111349054688,189.58898227027402
2025-06-11,60.666746895891535,27.818070547367157,208.6287415170432
2025-06-12,61.692955904456724,29.451950980370846,212.81874727730744
2025-06-13,63.82158991037527,29.558185203973323,218.85907863104347
2025-06-14,56.48709887589643,28.14994485058936,217.05522083574255
2025-06-15,48.328819196831454,28.706019686664487,172.3551327561634
2025-06-16,51.46713686433323,37.99323585252358,225.53746453504274
2025-06-17,62.06508966508357,32.8045972397062,221.10673345228398
2025-06-18,41.83064329012764,28.522598409854197,170.66572633183293
2025-06-19,53.686733088729014,33.48477202255368,207.60022101861284
2025-06-20,46.06661187672639,28.33090255121995,175.0047497401224
2025-06-21,50.28744822934817,35.86562318793321,205.32260138130218
2025-06-22,62.78451862607299,31.84821096099047,222.76121381298245
2025-06-23,51.910990680199035,29.463489279978855,184.62658071697624
2025-06-24,50.46436548156149,32.23858462905139,201.39738068788597
2025-06-25,36.40143859020081,22.145619239657503,137.15876287494785
2025-06-26,57.46253566027221,24.366162655450974,182.37321259169556
2025-06-27,56.45484181141075,24.030374968004722,182.7507442368566
2025-06-28,71.6325472330546,30.714715473818533,241.69498697187768
2025-06-29,46.92221765046999,38.66257499742546,207.15548485813525
2025-06-30,52.19150327663939,41.15650073096316,229.64477683721637
2025-07-01,52.49383683710755,33.19025550720379,200.9036588172491
2025-07-02,65.77453279763475,32.50422237472228,232.85134196905446
2025-07-03,49.047044676130476,20.994711329236303,164.5057620339209
2025-07-04,52.790215257703395,27.28663100132989,196.68336768587852
2025-07-05,56.078965097165394,26.061081240458805,189.46335418821113
2025-07-06,51.86609123156358,26.89576200874442,187.76274251315
2025-07-07,45.535663854494715,29.159280907076052,179.0395081279123
2025-07-08,51.94089992898308,27.639547111514364,193.27980010182432
2025-07-09,60.73631749859772,20.10350094812106,178.18897590351497
2025-07-10,39.7348470058894,33.73955128058767,184.41337441792822
2025-07-11,51.32969674146876,24.636284871300965,175.59476161625702
2025-07-12,42.99879185060827,31.196234320555746,179.26534577734128
2025-07-13,61.950466289248425,40.370413348749864,245.4709350469883
2025-07-14,34.76813095216225,25.403077042067885,147.00669501266157
2025-07-15,44.410781527284115,17.348562386268352,140.2861049977635
2025-07-16,53.772118750645205,28.569978890599447,194.3277400889414
2025-07-17,65.65524029234341,35.50479817499286,245.7154653974763
2025-07-18,49.34249738927012,39.79173727110297,222.98745501992525
2025-07-19,44.44800473306802,23.852252027737915,164.79853851183427
2025-07-20,68.8115706944059,32.48349611618261,232.79593210724028
2025-07-21,35.51986099583756,27.673447716099734,149.61386099883268
2025-07-22,28.011940433799182,29.47025822847932,149.21115834422508
2025-07-23,54.40014450053332,43.221716735085174,242.84567316897113
2025-07-24,44.97945775647389,22.485148358024233,164.7777139657754
2025-07-25,39.787671828692865,31.268698307472867,170.36153544995818
2025-07-26,57.08356447299353,32.33846585882716,210.0347832456668
2025-07-27,52.43800713771199,35.42893162469674,202.96538833688703
2025-07-28,44.359213692632714,30.48991576735448,178.2258191570245
2025-07-29,37.19695601329106,31.54025269752051,173.9975226720409
2025-07-30,58.724573282801444,28.041757162891045,199.241941158135
2025-07-31,56.50201177958661,31.345634706225535,210.24332665385396
2025-08-01,49.00824136220617,28.28403862251295,181.91608306196213
2025-08-02,68.46636996047665,33.107859449280255,237.8766034099019
2025-08-03,39.29915233673847,28.15194831978183,157.3156926837441
2025-08-04,34.74474829075261,31.885501969510933,165.57204973820754
2025-08-05,43.080919301187556,29.853685931575107,160.76721654259683
2025-08-06,49.54413983644502,35.63025125386084,205.04455264366266
2025-08-07,52.43339449322692,29.74303138205757,185.94351691405086
2025-08-08,47.5876394214367,21.134837658965594,164.60976440250425
2025-08-09,53.520553965142966,36.30960750356996,219.85696720481835
2025-08-10,37.48460575809556,25.471338495686904,153.71658191308222
2025-08-11,64.4376460407326,26.7311683067559,216.6738281375298
2025-08-12,49.178488216074314,27.02169352978254,174.67747441737205
2025-08-13,61.172958315881274,36.87219046585409,241.6993040189026
2025-08-14,53.42725346377704,19.32162893010652,169.4803515391756
2025-08-15,54.567532191537836,45.688742668299966,245.01851595188083
2025-08-16,55.69767280232204,35.28028404533026,222.91429847654956
2025-08-17,54.47708560017315,31.1161945706458,196.77128735022552
2025-08-18,56.42722759867544,29.725529996918567,197.90847438046822
2025-08-19,63.29152530132431,31.427770374288286,217.82341310931497
2025-08-20,51.9652116970147,32.60561214189669,199.10237127939942
2025-08-21,57.09003757588512,33.22607792975028,208.5755207272198
2025-08-22,49.102643057127736,32.778022330017244,202.65476843978382
2025-08-23,64.40117215449473,30.447903406276243,218.85178252596904
2025-08-24,43.2360769794073,29.01330789846337,175.27460249598911
2025-08-25,68.00940432910815,29.243633581732443,220.89795257134526
2025-08-26,49.59842049355657,29.025458598236597,177.17020027908035
2025-08-27,35.69224897881952,35.66885048433532,179.7413362026021
2025-08-28,51.28104414910789,32.96778361140431,191.9041642553298
2025-08-29,43.18948342525119,15.298056826678598,131.92996710011084
2025-08-30,58.406435489887244,33.279503882648804,209.80980743355684
2025-08-31,43.47376020697609,30.973680973593876,189.80494333088785
2025-09-01,45.538165667852205,29.90645621777051,185.35251359988953
2025-09-02,31.104592690544692,28.05740773455557,146.9101775411135
2025-09-03,45.47693680750923,35.620563599930065,204.134097803082
2025-09-04,25.761206733710434,34.73763231061429,151.50373051193506
2025-09-05,34.16097176514277,26.135611660881956,149.44617540628187
2025-09-06,57.604146561442974,32.03526143562267,212.31312959834756
2025-09-07,57.85800158650832,25.14171632729357,192.46125256156571
2025-09-08,54.254575617849646,23.101909176055347,184.17664626439918
2025-09-09,40.33023856870787,26.866413877050174,164.92217928246527
2025-09-10,49.5228864385802,34.311967361913794,203.4252932770269
2025-09-11,49.963974609094315,34.76562522688043,195.95038771768844
2025-09-12,38.416353108074574,32.56542710048647,169.72875604121123
2025-09-13,65.0339830176715,33.625478934239986,230.33085817008433
2025-09-14,58.77362290575671,32.58089143557479,215.75678198962106
2025-09-15,47.79035826170336,26.792592023885238,170.30747397169281
2025-09-16,50.26885838994531,32.159612723369705,209.07493832789183
2025-09-17,52.08382807947552,34.00204762613841,213.75576931363415
2025-09-18,29.582651315757094,33.77145664906787,163.49026418068024
2025-09-19,47.52822617479403,35.94456685737322,203.25033722812643
2025-09-20,43.180157520022014,33.54151923600532,185.92382789855426
2025-09-21,39.983799901050844,31.757241037707914,170.47973061511428
2025-09-22,47.18899707114045,35.350751191582134,200.8176503096216
2025-09-23,67.97686526849523,29.8673937037547,226.8446743489683
2025-09-24,56.4084286126701,25.59062674386141,183.37993457951632
2025-09-25,44.28821010217203,29.18466518028118,177.80129783141209
2025-09-26,55.72582781356159,26.275486775967757,189.50182071090273
